frame_0.zeroDeg.bin, 18, 22
frame_0.zeroDeg.bin, 24, 1355
frame_0.zeroDeg.bin, 1357, 1409
frame_0.zeroDeg.bin, 1411, 1436
frame_0.zeroDeg.bin, 1448, 2799
frame_1.zeroDeg.bin, 16, 20
frame_1.zeroDeg.bin, 22, 1352
frame_1.zeroDeg.bin, 1354, 1406
frame_1.zeroDeg.bin, 1408, 1433
frame_1.zeroDeg.bin, 1445, 2794
frame_2.zeroDeg.bin, 15, 19
frame_2.zeroDeg.bin, 21, 1352
frame_2.zeroDeg.bin, 1354, 1406
frame_2.zeroDeg.bin, 1408, 1433
frame_2.zeroDeg.bin, 1446, 2795
frame_3.zeroDeg.bin, 17, 21
frame_3.zeroDeg.bin, 23, 1355
frame_3.zeroDeg.bin, 1357, 1409
frame_3.zeroDeg.bin, 1411, 1436
frame_3.zeroDeg.bin, 1448, 2798
frame_4.zeroDeg.bin, 17, 21
frame_4.zeroDeg.bin, 23, 1354
frame_4.zeroDeg.bin, 1356, 1408
frame_4.zeroDeg.bin, 1410, 1435
frame_4.zeroDeg.bin, 1447, 2797
frame_5.zeroDeg.bin, 17, 21
frame_5.zeroDeg.bin, 23, 1354
frame_5.zeroDeg.bin, 1356, 1408
frame_5.zeroDeg.bin, 1410, 1435
frame_5.zeroDeg.bin, 1447, 2797
frame_6.zeroDeg.bin, 16, 20
frame_6.zeroDeg.bin, 22, 1352
frame_6.zeroDeg.bin, 1354, 1406
frame_6.zeroDeg.bin, 1408, 1433
frame_6.zeroDeg.bin, 1445, 2795
frame_7.zeroDeg.bin, 17, 21
frame_7.zeroDeg.bin, 23, 1354
frame_7.zeroDeg.bin, 1356, 1408
frame_7.zeroDeg.bin, 1410, 1435
frame_7.zeroDeg.bin, 1447, 2797
frame_8.zeroDeg.bin, 16, 20
frame_8.zeroDeg.bin, 22, 1354
frame_8.zeroDeg.bin, 1356, 1408
frame_8.zeroDeg.bin, 1410, 1435
frame_8.zeroDeg.bin, 1447, 2797
frame_9.zeroDeg.bin, 18, 22
frame_9.zeroDeg.bin, 24, 1356
frame_9.zeroDeg.bin, 1358, 1410
frame_9.zeroDeg.bin, 1412, 1437
frame_9.zeroDeg.bin, 1449, 2799
frame_10.zeroDeg.bin, 16, 20
frame_10.zeroDeg.bin, 22, 1353
frame_10.zeroDeg.bin, 1355, 1407
frame_10.zeroDeg.bin, 1409, 1434
frame_10.zeroDeg.bin, 1446, 2796
frame_11.zeroDeg.bin, 17, 21
frame_11.zeroDeg.bin, 23, 1355
frame_11.zeroDeg.bin, 1357, 1409
frame_11.zeroDeg.bin, 1411, 1436
frame_11.zeroDeg.bin, 1448, 2798
frame_12.zeroDeg.bin, 17, 21
frame_12.zeroDeg.bin, 23, 1355
frame_12.zeroDeg.bin, 1357, 1409
frame_12.zeroDeg.bin, 1411, 1436
frame_12.zeroDeg.bin, 1448, 2798
frame_13.zeroDeg.bin, 16, 20
frame_13.zeroDeg.bin, 22, 1353
frame_13.zeroDeg.bin, 1355, 1407
frame_13.zeroDeg.bin, 1409, 1434
frame_13.zeroDeg.bin, 1446, 2796
frame_14.zeroDeg.bin, 18, 22
frame_14.zeroDeg.bin, 24, 1356
frame_14.zeroDeg.bin, 1358, 1410
frame_14.zeroDeg.bin, 1412, 1437
frame_14.zeroDeg.bin, 1449, 2799
frame_15.zeroDeg.bin, 17, 21
frame_15.zeroDeg.bin, 23, 1355
frame_15.zeroDeg.bin, 1357, 1409
frame_15.zeroDeg.bin, 1411, 1436
frame_15.zeroDeg.bin, 1448, 2798
frame_16.zeroDeg.bin, 15, 19
frame_16.zeroDeg.bin, 21, 1353
frame_16.zeroDeg.bin, 1355, 1407
frame_16.zeroDeg.bin, 1409, 1434
frame_16.zeroDeg.bin, 1446, 2796
frame_17.zeroDeg.bin, 17, 21
frame_17.zeroDeg.bin, 23, 1355
frame_17.zeroDeg.bin, 1357, 1409
frame_17.zeroDeg.bin, 1411, 1436
frame_17.zeroDeg.bin, 1448, 2798
frame_18.zeroDeg.bin, 18, 22
frame_18.zeroDeg.bin, 24, 1355
frame_18.zeroDeg.bin, 1357, 1409
frame_18.zeroDeg.bin, 1411, 1436
frame_18.zeroDeg.bin, 1448, 2798
frame_19.zeroDeg.bin, 16, 20
frame_19.zeroDeg.bin, 22, 1353
frame_19.zeroDeg.bin, 1355, 1407
frame_19.zeroDeg.bin, 1409, 1434
frame_19.zeroDeg.bin, 1446, 2796
frame_20.zeroDeg.bin, 17, 21
frame_20.zeroDeg.bin, 23, 1354
frame_20.zeroDeg.bin, 1356, 1408
frame_20.zeroDeg.bin, 1410, 1435
frame_20.zeroDeg.bin, 1447, 2797
frame_21.zeroDeg.bin, 17, 21
frame_21.zeroDeg.bin, 23, 1355
frame_21.zeroDeg.bin, 1357, 1409
frame_21.zeroDeg.bin, 1411, 1436
frame_21.zeroDeg.bin, 1448, 2798
frame_22.zeroDeg.bin, 17, 21
frame_22.zeroDeg.bin, 23, 1355
frame_22.zeroDeg.bin, 1357, 1409
frame_22.zeroDeg.bin, 1411, 1436
frame_22.zeroDeg.bin, 1448, 2798
frame_23.zeroDeg.bin, 17, 21
frame_23.zeroDeg.bin, 23, 1355
frame_23.zeroDeg.bin, 1357, 1409
frame_23.zeroDeg.bin, 1411, 1436
frame_23.zeroDeg.bin, 1448, 2798
frame_24.zeroDeg.bin, 16, 20
frame_24.zeroDeg.bin, 22, 1353
frame_24.zeroDeg.bin, 1355, 1407
frame_24.zeroDeg.bin, 1409, 1434
frame_24.zeroDeg.bin, 1446, 2796
frame_25.zeroDeg.bin, 16, 20
frame_25.zeroDeg.bin, 22, 1353
frame_25.zeroDeg.bin, 1355, 1407
frame_25.zeroDeg.bin, 1409, 1434
frame_25.zeroDeg.bin, 1447, 2796
frame_26.zeroDeg.bin, 17, 1355
frame_26.zeroDeg.bin, 1357, 1409
frame_26.zeroDeg.bin, 1411, 1436
frame_26.zeroDeg.bin, 1448, 2798
frame_27.zeroDeg.bin, 16, 20
frame_27.zeroDeg.bin, 22, 1353
frame_27.zeroDeg.bin, 1355, 1407
frame_27.zeroDeg.bin, 1409, 1434
frame_27.zeroDeg.bin, 1446, 2796
frame_28.zeroDeg.bin, 16, 20
frame_28.zeroDeg.bin, 22, 1354
frame_28.zeroDeg.bin, 1356, 1408
frame_28.zeroDeg.bin, 1410, 1435
frame_28.zeroDeg.bin, 1447, 2796
frame_29.zeroDeg.bin, 16, 20
frame_29.zeroDeg.bin, 22, 1354
frame_29.zeroDeg.bin, 1356, 1408
frame_29.zeroDeg.bin, 1410, 1435
frame_29.zeroDeg.bin, 1447, 2797
frame_30.zeroDeg.bin, 16, 20
frame_30.zeroDeg.bin, 22, 1353
frame_30.zeroDeg.bin, 1355, 1407
frame_30.zeroDeg.bin, 1409, 1434
frame_30.zeroDeg.bin, 1446, 2796
frame_31.zeroDeg.bin, 15, 19
frame_31.zeroDeg.bin, 21, 1352
frame_31.zeroDeg.bin, 1354, 1406
frame_31.zeroDeg.bin, 1408, 1433
frame_31.zeroDeg.bin, 1445, 2796
frame_32.zeroDeg.bin, 17, 21
frame_32.zeroDeg.bin, 23, 1355
frame_32.zeroDeg.bin, 1357, 1409
frame_32.zeroDeg.bin, 1411, 1436
frame_32.zeroDeg.bin, 1448, 2798
frame_33.zeroDeg.bin, 16, 1354
frame_33.zeroDeg.bin, 1356, 1408
frame_33.zeroDeg.bin, 1410, 1435
frame_33.zeroDeg.bin, 1447, 2797
frame_34.zeroDeg.bin, 16, 20
frame_34.zeroDeg.bin, 22, 1353
frame_34.zeroDeg.bin, 1355, 1407
frame_34.zeroDeg.bin, 1409, 1434
frame_34.zeroDeg.bin, 1446, 2796
frame_35.zeroDeg.bin, 17, 21
frame_35.zeroDeg.bin, 23, 1353
frame_35.zeroDeg.bin, 1355, 1407
frame_35.zeroDeg.bin, 1409, 1434
frame_35.zeroDeg.bin, 1446, 2796
frame_36.zeroDeg.bin, 16, 20
frame_36.zeroDeg.bin, 22, 1353
frame_36.zeroDeg.bin, 1355, 1407
frame_36.zeroDeg.bin, 1409, 1434
frame_36.zeroDeg.bin, 1446, 2796
frame_37.zeroDeg.bin, 17, 21
frame_37.zeroDeg.bin, 23, 1353
frame_37.zeroDeg.bin, 1355, 1407
frame_37.zeroDeg.bin, 1409, 1434
frame_37.zeroDeg.bin, 1446, 2795
frame_38.zeroDeg.bin, 17, 21
frame_38.zeroDeg.bin, 23, 1354
frame_38.zeroDeg.bin, 1356, 1408
frame_38.zeroDeg.bin, 1410, 1435
frame_38.zeroDeg.bin, 1447, 2797
frame_39.zeroDeg.bin, 17, 21
frame_39.zeroDeg.bin, 23, 1355
frame_39.zeroDeg.bin, 1357, 1409
frame_39.zeroDeg.bin, 1411, 1436
frame_39.zeroDeg.bin, 1448, 2798
frame_40.zeroDeg.bin, 18, 22
frame_40.zeroDeg.bin, 24, 1355
frame_40.zeroDeg.bin, 1357, 1409
frame_40.zeroDeg.bin, 1411, 1436
frame_40.zeroDeg.bin, 1448, 2798
frame_41.zeroDeg.bin, 15, 19
frame_41.zeroDeg.bin, 21, 1351
frame_41.zeroDeg.bin, 1353, 1405
frame_41.zeroDeg.bin, 1407, 1432
frame_41.zeroDeg.bin, 1444, 2794
frame_42.zeroDeg.bin, 16, 20
frame_42.zeroDeg.bin, 22, 1352
frame_42.zeroDeg.bin, 1354, 1406
frame_42.zeroDeg.bin, 1408, 1433
frame_42.zeroDeg.bin, 1445, 2795
frame_43.zeroDeg.bin, 16, 20
frame_43.zeroDeg.bin, 22, 1354
frame_43.zeroDeg.bin, 1356, 1408
frame_43.zeroDeg.bin, 1410, 1435
frame_43.zeroDeg.bin, 1447, 2797
frame_44.zeroDeg.bin, 16, 20
frame_44.zeroDeg.bin, 22, 1354
frame_44.zeroDeg.bin, 1356, 1408
frame_44.zeroDeg.bin, 1410, 1435
frame_44.zeroDeg.bin, 1447, 2797
frame_45.zeroDeg.bin, 16, 20
frame_45.zeroDeg.bin, 22, 1353
frame_45.zeroDeg.bin, 1355, 1407
frame_45.zeroDeg.bin, 1409, 1434
frame_45.zeroDeg.bin, 1446, 2796
frame_46.zeroDeg.bin, 16, 20
frame_46.zeroDeg.bin, 22, 1353
frame_46.zeroDeg.bin, 1355, 1407
frame_46.zeroDeg.bin, 1409, 1434
frame_46.zeroDeg.bin, 1446, 2796
frame_47.zeroDeg.bin, 16, 20
frame_47.zeroDeg.bin, 22, 1353
frame_47.zeroDeg.bin, 1355, 1407
frame_47.zeroDeg.bin, 1409, 1434
frame_47.zeroDeg.bin, 1447, 2796
frame_48.zeroDeg.bin, 16, 20
frame_48.zeroDeg.bin, 22, 1353
frame_48.zeroDeg.bin, 1355, 1407
frame_48.zeroDeg.bin, 1409, 1434
frame_48.zeroDeg.bin, 1446, 2796
frame_49.zeroDeg.bin, 18, 22
frame_49.zeroDeg.bin, 24, 1356
frame_49.zeroDeg.bin, 1358, 1410
frame_49.zeroDeg.bin, 1412, 1437
frame_49.zeroDeg.bin, 1449, 2799
frame_50.zeroDeg.bin, 16, 20
frame_50.zeroDeg.bin, 22, 1354
frame_50.zeroDeg.bin, 1356, 1408
frame_50.zeroDeg.bin, 1410, 1435
frame_50.zeroDeg.bin, 1448, 2797
frame_51.zeroDeg.bin, 15, 19
frame_51.zeroDeg.bin, 21, 1353
frame_51.zeroDeg.bin, 1355, 1407
frame_51.zeroDeg.bin, 1409, 1434
frame_51.zeroDeg.bin, 1446, 2796
frame_52.zeroDeg.bin, 15, 19
frame_52.zeroDeg.bin, 21, 1353
frame_52.zeroDeg.bin, 1355, 1407
frame_52.zeroDeg.bin, 1409, 1434
frame_52.zeroDeg.bin, 1446, 2796
frame_53.zeroDeg.bin, 15, 19
frame_53.zeroDeg.bin, 21, 1351
frame_53.zeroDeg.bin, 1353, 1405
frame_53.zeroDeg.bin, 1407, 1432
frame_53.zeroDeg.bin, 1444, 2794
frame_54.zeroDeg.bin, 18, 22
frame_54.zeroDeg.bin, 24, 1356
frame_54.zeroDeg.bin, 1358, 1410
frame_54.zeroDeg.bin, 1412, 1437
frame_54.zeroDeg.bin, 1449, 2799
frame_55.zeroDeg.bin, 16, 20
frame_55.zeroDeg.bin, 22, 1355
frame_55.zeroDeg.bin, 1357, 1409
frame_55.zeroDeg.bin, 1411, 1436
frame_55.zeroDeg.bin, 1448, 2798
frame_56.zeroDeg.bin, 16, 20
frame_56.zeroDeg.bin, 22, 1354
frame_56.zeroDeg.bin, 1356, 1408
frame_56.zeroDeg.bin, 1410, 1435
frame_56.zeroDeg.bin, 1447, 2797
frame_57.zeroDeg.bin, 16, 20
frame_57.zeroDeg.bin, 22, 1351
frame_57.zeroDeg.bin, 1353, 1405
frame_57.zeroDeg.bin, 1407, 1432
frame_57.zeroDeg.bin, 1444, 2794
frame_58.zeroDeg.bin, 16, 20
frame_58.zeroDeg.bin, 22, 1353
frame_58.zeroDeg.bin, 1355, 1407
frame_58.zeroDeg.bin, 1409, 1434
frame_58.zeroDeg.bin, 1446, 2796
frame_59.zeroDeg.bin, 18, 22
frame_59.zeroDeg.bin, 24, 1354
frame_59.zeroDeg.bin, 1356, 1408
frame_59.zeroDeg.bin, 1410, 1435
frame_59.zeroDeg.bin, 1447, 2797
frame_60.zeroDeg.bin, 17, 21
frame_60.zeroDeg.bin, 23, 1355
frame_60.zeroDeg.bin, 1357, 1409
frame_60.zeroDeg.bin, 1411, 1436
frame_60.zeroDeg.bin, 1448, 2798
frame_61.zeroDeg.bin, 16, 20
frame_61.zeroDeg.bin, 22, 1354
frame_61.zeroDeg.bin, 1356, 1408
frame_61.zeroDeg.bin, 1410, 1435
frame_61.zeroDeg.bin, 1447, 2797
frame_62.zeroDeg.bin, 16, 20
frame_62.zeroDeg.bin, 22, 1353
frame_62.zeroDeg.bin, 1355, 1407
frame_62.zeroDeg.bin, 1409, 1434
frame_62.zeroDeg.bin, 1446, 2796
frame_63.zeroDeg.bin, 16, 20
frame_63.zeroDeg.bin, 22, 1353
frame_63.zeroDeg.bin, 1355, 1407
frame_63.zeroDeg.bin, 1409, 1434
frame_63.zeroDeg.bin, 1446, 2796
frame_64.zeroDeg.bin, 17, 21
frame_64.zeroDeg.bin, 23, 1353
frame_64.zeroDeg.bin, 1355, 1407
frame_64.zeroDeg.bin, 1409, 1434
frame_64.zeroDeg.bin, 1447, 2796
frame_65.zeroDeg.bin, 17, 21
frame_65.zeroDeg.bin, 23, 1355
frame_65.zeroDeg.bin, 1357, 1409
frame_65.zeroDeg.bin, 1411, 1436
frame_65.zeroDeg.bin, 1448, 2798
frame_66.zeroDeg.bin, 17, 21
frame_66.zeroDeg.bin, 23, 1355
frame_66.zeroDeg.bin, 1357, 1409
frame_66.zeroDeg.bin, 1411, 1436
frame_66.zeroDeg.bin, 1448, 2797
frame_67.zeroDeg.bin, 17, 21
frame_67.zeroDeg.bin, 23, 1355
frame_67.zeroDeg.bin, 1357, 1409
frame_67.zeroDeg.bin, 1411, 1436
frame_67.zeroDeg.bin, 1448, 2798
frame_68.zeroDeg.bin, 16, 20
frame_68.zeroDeg.bin, 22, 1354
frame_68.zeroDeg.bin, 1356, 1408
frame_68.zeroDeg.bin, 1410, 1435
frame_68.zeroDeg.bin, 1447, 2797
frame_69.zeroDeg.bin, 16, 20
frame_69.zeroDeg.bin, 22, 1354
frame_69.zeroDeg.bin, 1356, 1408
frame_69.zeroDeg.bin, 1410, 1435
frame_69.zeroDeg.bin, 1447, 2797
frame_70.zeroDeg.bin, 16, 20
frame_70.zeroDeg.bin, 22, 1354
frame_70.zeroDeg.bin, 1356, 1408
frame_70.zeroDeg.bin, 1410, 1435
frame_70.zeroDeg.bin, 1448, 2797
frame_71.zeroDeg.bin, 17, 1356
frame_71.zeroDeg.bin, 1358, 1410
frame_71.zeroDeg.bin, 1412, 1437
frame_71.zeroDeg.bin, 1449, 2799
frame_72.zeroDeg.bin, 16, 20
frame_72.zeroDeg.bin, 22, 1354
frame_72.zeroDeg.bin, 1356, 1408
frame_72.zeroDeg.bin, 1410, 1435
frame_72.zeroDeg.bin, 1447, 2797
frame_73.zeroDeg.bin, 17, 21
frame_73.zeroDeg.bin, 23, 1354
frame_73.zeroDeg.bin, 1356, 1408
frame_73.zeroDeg.bin, 1410, 1435
frame_73.zeroDeg.bin, 1447, 2797
frame_74.zeroDeg.bin, 16, 20
frame_74.zeroDeg.bin, 22, 1353
frame_74.zeroDeg.bin, 1355, 1407
frame_74.zeroDeg.bin, 1409, 1434
frame_74.zeroDeg.bin, 1446, 2796
frame_75.zeroDeg.bin, 17, 21
frame_75.zeroDeg.bin, 23, 1355
frame_75.zeroDeg.bin, 1357, 1409
frame_75.zeroDeg.bin, 1411, 1436
frame_75.zeroDeg.bin, 1448, 2798
frame_76.zeroDeg.bin, 16, 20
frame_76.zeroDeg.bin, 22, 1353
frame_76.zeroDeg.bin, 1355, 1407
frame_76.zeroDeg.bin, 1409, 1434
frame_76.zeroDeg.bin, 1446, 2796
frame_77.zeroDeg.bin, 18, 22
frame_77.zeroDeg.bin, 24, 1354
frame_77.zeroDeg.bin, 1356, 1408
frame_77.zeroDeg.bin, 1410, 1435
frame_77.zeroDeg.bin, 1447, 2797
frame_78.zeroDeg.bin, 18, 22
frame_78.zeroDeg.bin, 24, 1354
frame_78.zeroDeg.bin, 1356, 1408
frame_78.zeroDeg.bin, 1410, 1435
frame_78.zeroDeg.bin, 1447, 2797
frame_79.zeroDeg.bin, 17, 21
frame_79.zeroDeg.bin, 23, 1355
frame_79.zeroDeg.bin, 1357, 1409
frame_79.zeroDeg.bin, 1411, 1436
frame_79.zeroDeg.bin, 1448, 2798
frame_80.zeroDeg.bin, 17, 21
frame_80.zeroDeg.bin, 23, 1355
frame_80.zeroDeg.bin, 1357, 1409
frame_80.zeroDeg.bin, 1411, 1436
frame_80.zeroDeg.bin, 1448, 2798
frame_81.zeroDeg.bin, 17, 1355
frame_81.zeroDeg.bin, 1357, 1409
frame_81.zeroDeg.bin, 1411, 1436
frame_81.zeroDeg.bin, 1448, 2798
frame_82.zeroDeg.bin, 17, 21
frame_82.zeroDeg.bin, 23, 1355
frame_82.zeroDeg.bin, 1357, 1409
frame_82.zeroDeg.bin, 1411, 1436
frame_82.zeroDeg.bin, 1449, 2798
frame_83.zeroDeg.bin, 17, 21
frame_83.zeroDeg.bin, 23, 1355
frame_83.zeroDeg.bin, 1357, 1409
frame_83.zeroDeg.bin, 1411, 1436
frame_83.zeroDeg.bin, 1448, 2798
frame_84.zeroDeg.bin, 16, 20
frame_84.zeroDeg.bin, 22, 1354
frame_84.zeroDeg.bin, 1356, 1408
frame_84.zeroDeg.bin, 1410, 1435
frame_84.zeroDeg.bin, 1447, 2797
frame_85.zeroDeg.bin, 15, 19
frame_85.zeroDeg.bin, 21, 1352
frame_85.zeroDeg.bin, 1354, 1406
frame_85.zeroDeg.bin, 1408, 1433
frame_85.zeroDeg.bin, 1445, 2795
frame_86.zeroDeg.bin, 17, 21
frame_86.zeroDeg.bin, 23, 1354
frame_86.zeroDeg.bin, 1356, 1408
frame_86.zeroDeg.bin, 1410, 1435
frame_86.zeroDeg.bin, 1448, 2797
frame_87.zeroDeg.bin, 16, 20
frame_87.zeroDeg.bin, 22, 1354
frame_87.zeroDeg.bin, 1356, 1408
frame_87.zeroDeg.bin, 1410, 1435
frame_87.zeroDeg.bin, 1447, 2797
frame_88.zeroDeg.bin, 17, 21
frame_88.zeroDeg.bin, 23, 1354
frame_88.zeroDeg.bin, 1356, 1408
frame_88.zeroDeg.bin, 1410, 1435
frame_88.zeroDeg.bin, 1447, 2797
frame_89.zeroDeg.bin, 16, 20
frame_89.zeroDeg.bin, 22, 1354
frame_89.zeroDeg.bin, 1356, 1408
frame_89.zeroDeg.bin, 1410, 1435
frame_89.zeroDeg.bin, 1448, 2797
frame_90.zeroDeg.bin, 17, 1356
frame_90.zeroDeg.bin, 1358, 1410
frame_90.zeroDeg.bin, 1412, 1437
frame_90.zeroDeg.bin, 1450, 2799
frame_91.zeroDeg.bin, 18, 22
frame_91.zeroDeg.bin, 24, 1355
frame_91.zeroDeg.bin, 1357, 1409
frame_91.zeroDeg.bin, 1411, 1436
frame_91.zeroDeg.bin, 1448, 2798
frame_92.zeroDeg.bin, 16, 1354
frame_92.zeroDeg.bin, 1356, 1408
frame_92.zeroDeg.bin, 1410, 1435
frame_92.zeroDeg.bin, 1447, 2796
frame_93.zeroDeg.bin, 17, 21
frame_93.zeroDeg.bin, 23, 1355
frame_93.zeroDeg.bin, 1357, 1409
frame_93.zeroDeg.bin, 1411, 1436
frame_93.zeroDeg.bin, 1448, 2798
frame_94.zeroDeg.bin, 16, 20
frame_94.zeroDeg.bin, 22, 1353
frame_94.zeroDeg.bin, 1355, 1407
frame_94.zeroDeg.bin, 1409, 1434
frame_94.zeroDeg.bin, 1446, 2796
frame_95.zeroDeg.bin, 8, 11
frame_95.zeroDeg.bin, 16, 19
frame_95.zeroDeg.bin, 21, 1351
frame_95.zeroDeg.bin, 1353, 1405
frame_95.zeroDeg.bin, 1407, 1432
frame_95.zeroDeg.bin, 1444, 2794
frame_96.zeroDeg.bin, 16, 20
frame_96.zeroDeg.bin, 22, 1353
frame_96.zeroDeg.bin, 1355, 1407
frame_96.zeroDeg.bin, 1409, 1434
frame_96.zeroDeg.bin, 1446, 2796
frame_97.zeroDeg.bin, 17, 21
frame_97.zeroDeg.bin, 23, 1355
frame_97.zeroDeg.bin, 1357, 1409
frame_97.zeroDeg.bin, 1411, 1436
frame_97.zeroDeg.bin, 1448, 2798
frame_98.zeroDeg.bin, 16, 20
frame_98.zeroDeg.bin, 22, 1352
frame_98.zeroDeg.bin, 1354, 1406
frame_98.zeroDeg.bin, 1408, 1433
frame_98.zeroDeg.bin, 1445, 2795
frame_99.zeroDeg.bin, 16, 1355
frame_99.zeroDeg.bin, 1357, 1409
frame_99.zeroDeg.bin, 1411, 1436
frame_99.zeroDeg.bin, 1448, 2798
frame_100.zeroDeg.bin, 16, 20
frame_100.zeroDeg.bin, 22, 1352
frame_100.zeroDeg.bin, 1354, 1406
frame_100.zeroDeg.bin, 1408, 1433
frame_100.zeroDeg.bin, 1445, 2795
frame_101.zeroDeg.bin, 16, 20
frame_101.zeroDeg.bin, 22, 1354
frame_101.zeroDeg.bin, 1356, 1408
frame_101.zeroDeg.bin, 1410, 1435
frame_101.zeroDeg.bin, 1447, 2797
frame_102.zeroDeg.bin, 9, 12
frame_102.zeroDeg.bin, 17, 21
frame_102.zeroDeg.bin, 23, 1354
frame_102.zeroDeg.bin, 1356, 1408
frame_102.zeroDeg.bin, 1410, 1435
frame_102.zeroDeg.bin, 1447, 2797
frame_103.zeroDeg.bin, 15, 19
frame_103.zeroDeg.bin, 21, 1353
frame_103.zeroDeg.bin, 1355, 1407
frame_103.zeroDeg.bin, 1409, 1434
frame_103.zeroDeg.bin, 1446, 2797
frame_104.zeroDeg.bin, 15, 19
frame_104.zeroDeg.bin, 21, 1353
frame_104.zeroDeg.bin, 1355, 1407
frame_104.zeroDeg.bin, 1409, 1434
frame_104.zeroDeg.bin, 1446, 2796
frame_105.zeroDeg.bin, 17, 20
frame_105.zeroDeg.bin, 22, 1353
frame_105.zeroDeg.bin, 1355, 1407
frame_105.zeroDeg.bin, 1409, 1434
frame_105.zeroDeg.bin, 1446, 2796
frame_106.zeroDeg.bin, 16, 20
frame_106.zeroDeg.bin, 22, 1352
frame_106.zeroDeg.bin, 1354, 1406
frame_106.zeroDeg.bin, 1408, 1433
frame_106.zeroDeg.bin, 1445, 2795
frame_107.zeroDeg.bin, 16, 20
frame_107.zeroDeg.bin, 22, 1354
frame_107.zeroDeg.bin, 1356, 1408
frame_107.zeroDeg.bin, 1410, 1435
frame_107.zeroDeg.bin, 1447, 2796
frame_108.zeroDeg.bin, 17, 21
frame_108.zeroDeg.bin, 23, 1354
frame_108.zeroDeg.bin, 1356, 1408
frame_108.zeroDeg.bin, 1410, 1435
frame_108.zeroDeg.bin, 1447, 2797
frame_109.zeroDeg.bin, 16, 20
frame_109.zeroDeg.bin, 22, 1352
frame_109.zeroDeg.bin, 1354, 1406
frame_109.zeroDeg.bin, 1408, 1433
frame_109.zeroDeg.bin, 1445, 2795
frame_110.zeroDeg.bin, 16, 20
frame_110.zeroDeg.bin, 22, 1354
frame_110.zeroDeg.bin, 1356, 1408
frame_110.zeroDeg.bin, 1410, 1435
frame_110.zeroDeg.bin, 1447, 2796
frame_111.zeroDeg.bin, 16, 20
frame_111.zeroDeg.bin, 22, 1353
frame_111.zeroDeg.bin, 1355, 1407
frame_111.zeroDeg.bin, 1409, 1434
frame_111.zeroDeg.bin, 1446, 2795
frame_112.zeroDeg.bin, 17, 21
frame_112.zeroDeg.bin, 23, 1354
frame_112.zeroDeg.bin, 1356, 1408
frame_112.zeroDeg.bin, 1410, 1435
frame_112.zeroDeg.bin, 1447, 2797
frame_113.zeroDeg.bin, 17, 21
frame_113.zeroDeg.bin, 23, 1355
frame_113.zeroDeg.bin, 1357, 1409
frame_113.zeroDeg.bin, 1411, 1436
frame_113.zeroDeg.bin, 1448, 2798
frame_114.zeroDeg.bin, 17, 21
frame_114.zeroDeg.bin, 23, 1355
frame_114.zeroDeg.bin, 1357, 1409
frame_114.zeroDeg.bin, 1411, 1436
frame_114.zeroDeg.bin, 1448, 2798
frame_115.zeroDeg.bin, 16, 1354
frame_115.zeroDeg.bin, 1356, 1408
frame_115.zeroDeg.bin, 1410, 1435
frame_115.zeroDeg.bin, 1447, 2797
frame_116.zeroDeg.bin, 17, 21
frame_116.zeroDeg.bin, 23, 1355
frame_116.zeroDeg.bin, 1357, 1409
frame_116.zeroDeg.bin, 1411, 1436
frame_116.zeroDeg.bin, 1448, 2798
frame_117.zeroDeg.bin, 16, 20
frame_117.zeroDeg.bin, 22, 1353
frame_117.zeroDeg.bin, 1355, 1407
frame_117.zeroDeg.bin, 1409, 1434
frame_117.zeroDeg.bin, 1446, 2796
frame_118.zeroDeg.bin, 16, 20
frame_118.zeroDeg.bin, 22, 1354
frame_118.zeroDeg.bin, 1356, 1408
frame_118.zeroDeg.bin, 1410, 1435
frame_118.zeroDeg.bin, 1447, 2797
frame_119.zeroDeg.bin, 17, 21
frame_119.zeroDeg.bin, 23, 1355
frame_119.zeroDeg.bin, 1357, 1409
frame_119.zeroDeg.bin, 1411, 1436
frame_119.zeroDeg.bin, 1448, 2798
frame_120.zeroDeg.bin, 16, 20
frame_120.zeroDeg.bin, 22, 1353
frame_120.zeroDeg.bin, 1355, 1407
frame_120.zeroDeg.bin, 1409, 1434
frame_120.zeroDeg.bin, 1446, 2796
frame_121.zeroDeg.bin, 16, 20
frame_121.zeroDeg.bin, 22, 1353
frame_121.zeroDeg.bin, 1355, 1407
frame_121.zeroDeg.bin, 1409, 1434
frame_121.zeroDeg.bin, 1446, 2796
frame_122.zeroDeg.bin, 17, 21
frame_122.zeroDeg.bin, 23, 1355
frame_122.zeroDeg.bin, 1357, 1409
frame_122.zeroDeg.bin, 1411, 1436
frame_122.zeroDeg.bin, 1448, 2798
frame_123.zeroDeg.bin, 16, 1354
frame_123.zeroDeg.bin, 1356, 1408
frame_123.zeroDeg.bin, 1410, 1435
frame_123.zeroDeg.bin, 1447, 2797
frame_124.zeroDeg.bin, 16, 20
frame_124.zeroDeg.bin, 22, 1354
frame_124.zeroDeg.bin, 1356, 1408
frame_124.zeroDeg.bin, 1410, 1435
frame_124.zeroDeg.bin, 1447, 2797
frame_125.zeroDeg.bin, 18, 22
frame_125.zeroDeg.bin, 24, 1355
frame_125.zeroDeg.bin, 1357, 1409
frame_125.zeroDeg.bin, 1411, 1436
frame_125.zeroDeg.bin, 1448, 2798
frame_126.zeroDeg.bin, 17, 21
frame_126.zeroDeg.bin, 23, 1355
frame_126.zeroDeg.bin, 1357, 1409
frame_126.zeroDeg.bin, 1411, 1436
frame_126.zeroDeg.bin, 1448, 2798
frame_127.zeroDeg.bin, 17, 21
frame_127.zeroDeg.bin, 23, 1354
frame_127.zeroDeg.bin, 1356, 1408
frame_127.zeroDeg.bin, 1410, 1435
frame_127.zeroDeg.bin, 1447, 2797
frame_128.zeroDeg.bin, 16, 20
frame_128.zeroDeg.bin, 22, 1353
frame_128.zeroDeg.bin, 1355, 1407
frame_128.zeroDeg.bin, 1409, 1434
frame_128.zeroDeg.bin, 1446, 2796
frame_129.zeroDeg.bin, 16, 20
frame_129.zeroDeg.bin, 22, 1354
frame_129.zeroDeg.bin, 1356, 1408
frame_129.zeroDeg.bin, 1410, 1435
frame_129.zeroDeg.bin, 1449, 2797
frame_130.zeroDeg.bin, 16, 20
frame_130.zeroDeg.bin, 22, 1354
frame_130.zeroDeg.bin, 1356, 1408
frame_130.zeroDeg.bin, 1410, 1435
frame_130.zeroDeg.bin, 1447, 2797
frame_131.zeroDeg.bin, 15, 19
frame_131.zeroDeg.bin, 21, 1352
frame_131.zeroDeg.bin, 1354, 1406
frame_131.zeroDeg.bin, 1408, 1433
frame_131.zeroDeg.bin, 1445, 2795
frame_132.zeroDeg.bin, 15, 19
frame_132.zeroDeg.bin, 21, 1351
frame_132.zeroDeg.bin, 1353, 1405
frame_132.zeroDeg.bin, 1407, 1432
frame_132.zeroDeg.bin, 1444, 2794
frame_133.zeroDeg.bin, 18, 22
frame_133.zeroDeg.bin, 24, 1356
frame_133.zeroDeg.bin, 1358, 1410
frame_133.zeroDeg.bin, 1412, 1437
frame_133.zeroDeg.bin, 1451, 2799
frame_134.zeroDeg.bin, 17, 21
frame_134.zeroDeg.bin, 23, 1354
frame_134.zeroDeg.bin, 1356, 1408
frame_134.zeroDeg.bin, 1410, 1435
frame_134.zeroDeg.bin, 1447, 2797
frame_135.zeroDeg.bin, 17, 21
frame_135.zeroDeg.bin, 23, 1355
frame_135.zeroDeg.bin, 1357, 1409
frame_135.zeroDeg.bin, 1411, 1436
frame_135.zeroDeg.bin, 1448, 2798
frame_136.zeroDeg.bin, 16, 20
frame_136.zeroDeg.bin, 22, 1353
frame_136.zeroDeg.bin, 1355, 1407
frame_136.zeroDeg.bin, 1409, 1434
frame_136.zeroDeg.bin, 1446, 2795
frame_137.zeroDeg.bin, 15, 19
frame_137.zeroDeg.bin, 21, 1352
frame_137.zeroDeg.bin, 1354, 1406
frame_137.zeroDeg.bin, 1408, 1433
frame_137.zeroDeg.bin, 1445, 2795
frame_138.zeroDeg.bin, 17, 20
frame_138.zeroDeg.bin, 22, 1352
frame_138.zeroDeg.bin, 1354, 1406
frame_138.zeroDeg.bin, 1408, 1433
frame_138.zeroDeg.bin, 1445, 2795
frame_139.zeroDeg.bin, 16, 20
frame_139.zeroDeg.bin, 22, 1353
frame_139.zeroDeg.bin, 1355, 1407
frame_139.zeroDeg.bin, 1409, 1434
frame_139.zeroDeg.bin, 1446, 2796
frame_140.zeroDeg.bin, 16, 20
frame_140.zeroDeg.bin, 22, 1354
frame_140.zeroDeg.bin, 1356, 1408
frame_140.zeroDeg.bin, 1410, 1435
frame_140.zeroDeg.bin, 1447, 2797
frame_141.zeroDeg.bin, 15, 19
frame_141.zeroDeg.bin, 21, 1353
frame_141.zeroDeg.bin, 1355, 1407
frame_141.zeroDeg.bin, 1409, 1434
frame_141.zeroDeg.bin, 1446, 2796
frame_142.zeroDeg.bin, 15, 19
frame_142.zeroDeg.bin, 21, 1353
frame_142.zeroDeg.bin, 1355, 1407
frame_142.zeroDeg.bin, 1409, 1434
frame_142.zeroDeg.bin, 1446, 2796
frame_143.zeroDeg.bin, 16, 20
frame_143.zeroDeg.bin, 22, 1354
frame_143.zeroDeg.bin, 1356, 1408
frame_143.zeroDeg.bin, 1410, 1435
frame_143.zeroDeg.bin, 1448, 2797
frame_144.zeroDeg.bin, 17, 21
frame_144.zeroDeg.bin, 23, 1354
frame_144.zeroDeg.bin, 1356, 1408
frame_144.zeroDeg.bin, 1410, 1435
frame_144.zeroDeg.bin, 1447, 2797
frame_145.zeroDeg.bin, 15, 19
frame_145.zeroDeg.bin, 21, 1353
frame_145.zeroDeg.bin, 1355, 1407
frame_145.zeroDeg.bin, 1409, 1434
frame_145.zeroDeg.bin, 1446, 2795
frame_146.zeroDeg.bin, 16, 20
frame_146.zeroDeg.bin, 22, 1354
frame_146.zeroDeg.bin, 1356, 1408
frame_146.zeroDeg.bin, 1410, 1435
frame_146.zeroDeg.bin, 1447, 2797
frame_147.zeroDeg.bin, 17, 21
frame_147.zeroDeg.bin, 23, 1355
frame_147.zeroDeg.bin, 1357, 1409
frame_147.zeroDeg.bin, 1411, 1436
frame_147.zeroDeg.bin, 1448, 2797
frame_148.zeroDeg.bin, 16, 20
frame_148.zeroDeg.bin, 22, 1353
frame_148.zeroDeg.bin, 1355, 1407
frame_148.zeroDeg.bin, 1409, 1434
frame_148.zeroDeg.bin, 1446, 2796
frame_149.zeroDeg.bin, 16, 20
frame_149.zeroDeg.bin, 22, 1352
frame_149.zeroDeg.bin, 1354, 1406
frame_149.zeroDeg.bin, 1408, 1433
frame_149.zeroDeg.bin, 1445, 2795
frame_150.zeroDeg.bin, 16, 20
frame_150.zeroDeg.bin, 22, 1353
frame_150.zeroDeg.bin, 1355, 1407
frame_150.zeroDeg.bin, 1409, 1434
frame_150.zeroDeg.bin, 1446, 2796
frame_151.zeroDeg.bin, 16, 20
frame_151.zeroDeg.bin, 22, 1352
frame_151.zeroDeg.bin, 1354, 1406
frame_151.zeroDeg.bin, 1408, 1433
frame_151.zeroDeg.bin, 1445, 2795
frame_152.zeroDeg.bin, 17, 21
frame_152.zeroDeg.bin, 23, 1354
frame_152.zeroDeg.bin, 1356, 1408
frame_152.zeroDeg.bin, 1410, 1435
frame_152.zeroDeg.bin, 1447, 2797
frame_153.zeroDeg.bin, 16, 20
frame_153.zeroDeg.bin, 22, 1354
frame_153.zeroDeg.bin, 1356, 1408
frame_153.zeroDeg.bin, 1410, 1435
frame_153.zeroDeg.bin, 1447, 2798
frame_154.zeroDeg.bin, 16, 20
frame_154.zeroDeg.bin, 22, 1352
frame_154.zeroDeg.bin, 1354, 1406
frame_154.zeroDeg.bin, 1408, 1433
frame_154.zeroDeg.bin, 1445, 2795
frame_155.zeroDeg.bin, 16, 1355
frame_155.zeroDeg.bin, 1357, 1409
frame_155.zeroDeg.bin, 1411, 1436
frame_155.zeroDeg.bin, 1448, 2798
frame_156.zeroDeg.bin, 16, 20
frame_156.zeroDeg.bin, 22, 1354
frame_156.zeroDeg.bin, 1356, 1408
frame_156.zeroDeg.bin, 1410, 1435
frame_156.zeroDeg.bin, 1447, 2797
frame_157.zeroDeg.bin, 16, 20
frame_157.zeroDeg.bin, 22, 1353
frame_157.zeroDeg.bin, 1355, 1407
frame_157.zeroDeg.bin, 1409, 1434
frame_157.zeroDeg.bin, 1447, 2796
frame_158.zeroDeg.bin, 16, 20
frame_158.zeroDeg.bin, 22, 1353
frame_158.zeroDeg.bin, 1355, 1407
frame_158.zeroDeg.bin, 1409, 1434
frame_158.zeroDeg.bin, 1446, 2796
frame_159.zeroDeg.bin, 17, 21
frame_159.zeroDeg.bin, 23, 1355
frame_159.zeroDeg.bin, 1357, 1409
frame_159.zeroDeg.bin, 1411, 1436
frame_159.zeroDeg.bin, 1448, 2798
frame_160.zeroDeg.bin, 17, 21
frame_160.zeroDeg.bin, 23, 1354
frame_160.zeroDeg.bin, 1356, 1408
frame_160.zeroDeg.bin, 1410, 1435
frame_160.zeroDeg.bin, 1447, 2797
frame_161.zeroDeg.bin, 16, 1355
frame_161.zeroDeg.bin, 1357, 1409
frame_161.zeroDeg.bin, 1411, 1436
frame_161.zeroDeg.bin, 1448, 2798
frame_162.zeroDeg.bin, 16, 20
frame_162.zeroDeg.bin, 22, 1353
frame_162.zeroDeg.bin, 1355, 1407
frame_162.zeroDeg.bin, 1409, 1434
frame_162.zeroDeg.bin, 1446, 2796
frame_163.zeroDeg.bin, 9, 12
frame_163.zeroDeg.bin, 17, 20
frame_163.zeroDeg.bin, 22, 1353
frame_163.zeroDeg.bin, 1355, 1407
frame_163.zeroDeg.bin, 1409, 1434
frame_163.zeroDeg.bin, 1446, 2796
frame_164.zeroDeg.bin, 16, 20
frame_164.zeroDeg.bin, 22, 1354
frame_164.zeroDeg.bin, 1356, 1408
frame_164.zeroDeg.bin, 1410, 1435
frame_164.zeroDeg.bin, 1447, 2797
frame_165.zeroDeg.bin, 17, 21
frame_165.zeroDeg.bin, 23, 1355
frame_165.zeroDeg.bin, 1357, 1409
frame_165.zeroDeg.bin, 1411, 1436
frame_165.zeroDeg.bin, 1450, 2798
frame_166.zeroDeg.bin, 15, 19
frame_166.zeroDeg.bin, 21, 1352
frame_166.zeroDeg.bin, 1354, 1406
frame_166.zeroDeg.bin, 1408, 1433
frame_166.zeroDeg.bin, 1445, 2795
frame_167.zeroDeg.bin, 17, 21
frame_167.zeroDeg.bin, 23, 1355
frame_167.zeroDeg.bin, 1357, 1409
frame_167.zeroDeg.bin, 1411, 1436
frame_167.zeroDeg.bin, 1448, 2798
frame_168.zeroDeg.bin, 15, 19
frame_168.zeroDeg.bin, 21, 1352
frame_168.zeroDeg.bin, 1354, 1406
frame_168.zeroDeg.bin, 1408, 1433
frame_168.zeroDeg.bin, 1445, 2795
frame_169.zeroDeg.bin, 15, 19
frame_169.zeroDeg.bin, 21, 1351
frame_169.zeroDeg.bin, 1353, 1405
frame_169.zeroDeg.bin, 1407, 1432
frame_169.zeroDeg.bin, 1444, 2794
frame_170.zeroDeg.bin, 16, 20
frame_170.zeroDeg.bin, 22, 1354
frame_170.zeroDeg.bin, 1356, 1408
frame_170.zeroDeg.bin, 1410, 1435
frame_170.zeroDeg.bin, 1447, 2797
frame_171.zeroDeg.bin, 17, 21
frame_171.zeroDeg.bin, 23, 1355
frame_171.zeroDeg.bin, 1357, 1409
frame_171.zeroDeg.bin, 1411, 1436
frame_171.zeroDeg.bin, 1448, 2798
frame_172.zeroDeg.bin, 16, 20
frame_172.zeroDeg.bin, 22, 1352
frame_172.zeroDeg.bin, 1354, 1406
frame_172.zeroDeg.bin, 1408, 1433
frame_172.zeroDeg.bin, 1445, 2795
frame_173.zeroDeg.bin, 16, 19
frame_173.zeroDeg.bin, 21, 1351
frame_173.zeroDeg.bin, 1353, 1405
frame_173.zeroDeg.bin, 1407, 1432
frame_173.zeroDeg.bin, 1444, 2793
frame_174.zeroDeg.bin, 17, 21
frame_174.zeroDeg.bin, 23, 1355
frame_174.zeroDeg.bin, 1357, 1409
frame_174.zeroDeg.bin, 1411, 1436
frame_174.zeroDeg.bin, 1448, 2798
frame_175.zeroDeg.bin, 15, 19
frame_175.zeroDeg.bin, 21, 1353
frame_175.zeroDeg.bin, 1355, 1407
frame_175.zeroDeg.bin, 1409, 1434
frame_175.zeroDeg.bin, 1446, 2796
frame_176.zeroDeg.bin, 17, 21
frame_176.zeroDeg.bin, 23, 1354
frame_176.zeroDeg.bin, 1356, 1408
frame_176.zeroDeg.bin, 1410, 1435
frame_176.zeroDeg.bin, 1447, 2797
frame_177.zeroDeg.bin, 17, 21
frame_177.zeroDeg.bin, 23, 1355
frame_177.zeroDeg.bin, 1357, 1409
frame_177.zeroDeg.bin, 1411, 1436
frame_177.zeroDeg.bin, 1448, 2798
frame_178.zeroDeg.bin, 16, 20
frame_178.zeroDeg.bin, 22, 1353
frame_178.zeroDeg.bin, 1355, 1407
frame_178.zeroDeg.bin, 1409, 1434
frame_178.zeroDeg.bin, 1446, 2796
frame_179.zeroDeg.bin, 17, 21
frame_179.zeroDeg.bin, 23, 1354
frame_179.zeroDeg.bin, 1356, 1408
frame_179.zeroDeg.bin, 1410, 1435
frame_179.zeroDeg.bin, 1447, 2798
frame_180.zeroDeg.bin, 17, 21
frame_180.zeroDeg.bin, 23, 1355
frame_180.zeroDeg.bin, 1357, 1409
frame_180.zeroDeg.bin, 1411, 1436
frame_180.zeroDeg.bin, 1448, 2797
frame_181.zeroDeg.bin, 16, 20
frame_181.zeroDeg.bin, 22, 1354
frame_181.zeroDeg.bin, 1356, 1408
frame_181.zeroDeg.bin, 1410, 1435
frame_181.zeroDeg.bin, 1447, 2797
frame_182.zeroDeg.bin, 15, 19
frame_182.zeroDeg.bin, 21, 1352
frame_182.zeroDeg.bin, 1354, 1406
frame_182.zeroDeg.bin, 1408, 1433
frame_182.zeroDeg.bin, 1445, 2795
frame_183.zeroDeg.bin, 17, 21
frame_183.zeroDeg.bin, 23, 1353
frame_183.zeroDeg.bin, 1355, 1407
frame_183.zeroDeg.bin, 1409, 1434
frame_183.zeroDeg.bin, 1447, 2797
frame_184.zeroDeg.bin, 17, 21
frame_184.zeroDeg.bin, 23, 1355
frame_184.zeroDeg.bin, 1357, 1409
frame_184.zeroDeg.bin, 1411, 1436
frame_184.zeroDeg.bin, 1448, 2798
frame_185.zeroDeg.bin, 16, 20
frame_185.zeroDeg.bin, 22, 1354
frame_185.zeroDeg.bin, 1356, 1408
frame_185.zeroDeg.bin, 1410, 1435
frame_185.zeroDeg.bin, 1447, 2797
frame_186.zeroDeg.bin, 18, 22
frame_186.zeroDeg.bin, 24, 1355
frame_186.zeroDeg.bin, 1357, 1409
frame_186.zeroDeg.bin, 1411, 1436
frame_186.zeroDeg.bin, 1448, 2798
frame_187.zeroDeg.bin, 17, 21
frame_187.zeroDeg.bin, 23, 1355
frame_187.zeroDeg.bin, 1357, 1409
frame_187.zeroDeg.bin, 1411, 1436
frame_187.zeroDeg.bin, 1448, 2798
frame_188.zeroDeg.bin, 16, 20
frame_188.zeroDeg.bin, 22, 1354
frame_188.zeroDeg.bin, 1356, 1408
frame_188.zeroDeg.bin, 1410, 1435
frame_188.zeroDeg.bin, 1447, 2796
frame_189.zeroDeg.bin, 16, 20
frame_189.zeroDeg.bin, 22, 1353
frame_189.zeroDeg.bin, 1355, 1407
frame_189.zeroDeg.bin, 1409, 1434
frame_189.zeroDeg.bin, 1446, 2796
frame_190.zeroDeg.bin, 17, 21
frame_190.zeroDeg.bin, 23, 1354
frame_190.zeroDeg.bin, 1356, 1408
frame_190.zeroDeg.bin, 1410, 1435
frame_190.zeroDeg.bin, 1447, 2797
frame_191.zeroDeg.bin, 18, 22
frame_191.zeroDeg.bin, 24, 1355
frame_191.zeroDeg.bin, 1357, 1409
frame_191.zeroDeg.bin, 1411, 1436
frame_191.zeroDeg.bin, 1448, 2798
frame_192.zeroDeg.bin, 17, 21
frame_192.zeroDeg.bin, 23, 1355
frame_192.zeroDeg.bin, 1357, 1409
frame_192.zeroDeg.bin, 1411, 1436
frame_192.zeroDeg.bin, 1448, 2798
frame_193.zeroDeg.bin, 15, 1354
frame_193.zeroDeg.bin, 1356, 1408
frame_193.zeroDeg.bin, 1410, 1435
frame_193.zeroDeg.bin, 1447, 2797
frame_194.zeroDeg.bin, 18, 22
frame_194.zeroDeg.bin, 24, 1356
frame_194.zeroDeg.bin, 1358, 1410
frame_194.zeroDeg.bin, 1412, 1437
frame_194.zeroDeg.bin, 1449, 2799
frame_195.zeroDeg.bin, 16, 20
frame_195.zeroDeg.bin, 22, 1353
frame_195.zeroDeg.bin, 1355, 1407
frame_195.zeroDeg.bin, 1409, 1434
frame_195.zeroDeg.bin, 1446, 2796
frame_196.zeroDeg.bin, 16, 20
frame_196.zeroDeg.bin, 22, 1354
frame_196.zeroDeg.bin, 1356, 1408
frame_196.zeroDeg.bin, 1410, 1435
frame_196.zeroDeg.bin, 1447, 2797
frame_197.zeroDeg.bin, 17, 21
frame_197.zeroDeg.bin, 23, 1354
frame_197.zeroDeg.bin, 1356, 1408
frame_197.zeroDeg.bin, 1410, 1435
frame_197.zeroDeg.bin, 1447, 2797
frame_198.zeroDeg.bin, 17, 21
frame_198.zeroDeg.bin, 23, 1353
frame_198.zeroDeg.bin, 1355, 1407
frame_198.zeroDeg.bin, 1409, 1434
frame_198.zeroDeg.bin, 1446, 2796
frame_199.zeroDeg.bin, 17, 21
frame_199.zeroDeg.bin, 23, 1355
frame_199.zeroDeg.bin, 1357, 1409
frame_199.zeroDeg.bin, 1411, 1436
frame_199.zeroDeg.bin, 1448, 2798
frame_200.zeroDeg.bin, 18, 1358
frame_200.zeroDeg.bin, 1360, 1412
frame_200.zeroDeg.bin, 1414, 1439
frame_200.zeroDeg.bin, 1451, 2801
frame_201.zeroDeg.bin, 17, 21
frame_201.zeroDeg.bin, 23, 1355
frame_201.zeroDeg.bin, 1357, 1409
frame_201.zeroDeg.bin, 1411, 1436
frame_201.zeroDeg.bin, 1448, 2798
frame_202.zeroDeg.bin, 18, 22
frame_202.zeroDeg.bin, 24, 1355
frame_202.zeroDeg.bin, 1357, 1409
frame_202.zeroDeg.bin, 1411, 1436
frame_202.zeroDeg.bin, 1448, 2797
frame_203.zeroDeg.bin, 17, 1356
frame_203.zeroDeg.bin, 1358, 1410
frame_203.zeroDeg.bin, 1412, 1437
frame_203.zeroDeg.bin, 1449, 2799
frame_204.zeroDeg.bin, 9, 12
frame_204.zeroDeg.bin, 17, 20
frame_204.zeroDeg.bin, 22, 1353
frame_204.zeroDeg.bin, 1355, 1407
frame_204.zeroDeg.bin, 1409, 1434
frame_204.zeroDeg.bin, 1446, 2796
frame_205.zeroDeg.bin, 16, 1354
frame_205.zeroDeg.bin, 1356, 1408
frame_205.zeroDeg.bin, 1410, 1435
frame_205.zeroDeg.bin, 1447, 2797
frame_206.zeroDeg.bin, 17, 21
frame_206.zeroDeg.bin, 23, 1355
frame_206.zeroDeg.bin, 1357, 1409
frame_206.zeroDeg.bin, 1411, 1436
frame_206.zeroDeg.bin, 1448, 2798
frame_207.zeroDeg.bin, 16, 20
frame_207.zeroDeg.bin, 22, 1354
frame_207.zeroDeg.bin, 1356, 1408
frame_207.zeroDeg.bin, 1410, 1435
frame_207.zeroDeg.bin, 1447, 2797
frame_208.zeroDeg.bin, 16, 1355
frame_208.zeroDeg.bin, 1357, 1409
frame_208.zeroDeg.bin, 1411, 1436
frame_208.zeroDeg.bin, 1448, 2798
frame_209.zeroDeg.bin, 16, 20
frame_209.zeroDeg.bin, 22, 1353
frame_209.zeroDeg.bin, 1355, 1407
frame_209.zeroDeg.bin, 1409, 1434
frame_209.zeroDeg.bin, 1446, 2796
frame_209.zeroDeg.bin, 2798, 2801
frame_210.zeroDeg.bin, 17, 21
frame_210.zeroDeg.bin, 23, 1356
frame_210.zeroDeg.bin, 1358, 1410
frame_210.zeroDeg.bin, 1412, 1437
frame_210.zeroDeg.bin, 1449, 2799
frame_211.zeroDeg.bin, 22, 1353
frame_211.zeroDeg.bin, 1355, 1407
frame_211.zeroDeg.bin, 1409, 1434
frame_211.zeroDeg.bin, 1446, 2796
frame_212.zeroDeg.bin, 17, 21
frame_212.zeroDeg.bin, 23, 1354
frame_212.zeroDeg.bin, 1356, 1408
frame_212.zeroDeg.bin, 1410, 1435
frame_212.zeroDeg.bin, 1447, 2797
frame_213.zeroDeg.bin, 16, 20
frame_213.zeroDeg.bin, 22, 1354
frame_213.zeroDeg.bin, 1356, 1408
frame_213.zeroDeg.bin, 1410, 1435
frame_213.zeroDeg.bin, 1448, 2797
frame_214.zeroDeg.bin, 16, 20
frame_214.zeroDeg.bin, 22, 1355
frame_214.zeroDeg.bin, 1357, 1409
frame_214.zeroDeg.bin, 1411, 1436
frame_214.zeroDeg.bin, 1449, 2799
frame_215.zeroDeg.bin, 16, 20
frame_215.zeroDeg.bin, 22, 1354
frame_215.zeroDeg.bin, 1356, 1408
frame_215.zeroDeg.bin, 1410, 1435
frame_215.zeroDeg.bin, 1447, 2797
frame_216.zeroDeg.bin, 16, 20
frame_216.zeroDeg.bin, 22, 1352
frame_216.zeroDeg.bin, 1354, 1406
frame_216.zeroDeg.bin, 1408, 1433
frame_216.zeroDeg.bin, 1445, 2795
frame_217.zeroDeg.bin, 17, 21
frame_217.zeroDeg.bin, 23, 1355
frame_217.zeroDeg.bin, 1357, 1409
frame_217.zeroDeg.bin, 1411, 1436
frame_217.zeroDeg.bin, 1448, 2798
frame_218.zeroDeg.bin, 16, 20
frame_218.zeroDeg.bin, 22, 1353
frame_218.zeroDeg.bin, 1355, 1407
frame_218.zeroDeg.bin, 1409, 1434
frame_218.zeroDeg.bin, 1446, 2796
frame_219.zeroDeg.bin, 16, 20
frame_219.zeroDeg.bin, 22, 1354
frame_219.zeroDeg.bin, 1356, 1408
frame_219.zeroDeg.bin, 1410, 1435
frame_219.zeroDeg.bin, 1447, 2797
frame_220.zeroDeg.bin, 18, 22
frame_220.zeroDeg.bin, 24, 1355
frame_220.zeroDeg.bin, 1357, 1409
frame_220.zeroDeg.bin, 1411, 1436
frame_220.zeroDeg.bin, 1448, 2798
frame_221.zeroDeg.bin, 17, 1356
frame_221.zeroDeg.bin, 1358, 1410
frame_221.zeroDeg.bin, 1412, 1437
frame_221.zeroDeg.bin, 1449, 2799
frame_222.zeroDeg.bin, 16, 20
frame_222.zeroDeg.bin, 22, 1353
frame_222.zeroDeg.bin, 1355, 1407
frame_222.zeroDeg.bin, 1409, 1434
frame_222.zeroDeg.bin, 1446, 2796
frame_223.zeroDeg.bin, 16, 20
frame_223.zeroDeg.bin, 22, 1353
frame_223.zeroDeg.bin, 1355, 1407
frame_223.zeroDeg.bin, 1409, 1434
frame_223.zeroDeg.bin, 1446, 2796
frame_224.zeroDeg.bin, 16, 20
frame_224.zeroDeg.bin, 22, 1354
frame_224.zeroDeg.bin, 1356, 1408
frame_224.zeroDeg.bin, 1410, 1435
frame_224.zeroDeg.bin, 1447, 2797
frame_225.zeroDeg.bin, 17, 21
frame_225.zeroDeg.bin, 23, 1355
frame_225.zeroDeg.bin, 1357, 1409
frame_225.zeroDeg.bin, 1411, 1436
frame_225.zeroDeg.bin, 1448, 2798
frame_226.zeroDeg.bin, 16, 20
frame_226.zeroDeg.bin, 22, 1352
frame_226.zeroDeg.bin, 1354, 1406
frame_226.zeroDeg.bin, 1408, 1433
frame_226.zeroDeg.bin, 1445, 2795
frame_227.zeroDeg.bin, 18, 22
frame_227.zeroDeg.bin, 24, 1356
frame_227.zeroDeg.bin, 1358, 1410
frame_227.zeroDeg.bin, 1412, 1437
frame_227.zeroDeg.bin, 1449, 2799
frame_228.zeroDeg.bin, 16, 20
frame_228.zeroDeg.bin, 22, 1352
frame_228.zeroDeg.bin, 1354, 1406
frame_228.zeroDeg.bin, 1408, 1433
frame_228.zeroDeg.bin, 1445, 2795
frame_229.zeroDeg.bin, 18, 22
frame_229.zeroDeg.bin, 24, 1356
frame_229.zeroDeg.bin, 1358, 1410
frame_229.zeroDeg.bin, 1412, 1437
frame_229.zeroDeg.bin, 1449, 2799
frame_230.zeroDeg.bin, 17, 21
frame_230.zeroDeg.bin, 23, 1354
frame_230.zeroDeg.bin, 1356, 1408
frame_230.zeroDeg.bin, 1410, 1435
frame_230.zeroDeg.bin, 1447, 2797
frame_231.zeroDeg.bin, 17, 21
frame_231.zeroDeg.bin, 23, 1355
frame_231.zeroDeg.bin, 1357, 1409
frame_231.zeroDeg.bin, 1411, 1436
frame_231.zeroDeg.bin, 1449, 2798
frame_232.zeroDeg.bin, 15, 1354
frame_232.zeroDeg.bin, 1356, 1408
frame_232.zeroDeg.bin, 1410, 1435
frame_232.zeroDeg.bin, 1447, 2797
frame_233.zeroDeg.bin, 16, 20
frame_233.zeroDeg.bin, 22, 1354
frame_233.zeroDeg.bin, 1356, 1408
frame_233.zeroDeg.bin, 1410, 1435
frame_233.zeroDeg.bin, 1447, 2797
frame_234.zeroDeg.bin, 16, 20
frame_234.zeroDeg.bin, 22, 1353
frame_234.zeroDeg.bin, 1355, 1407
frame_234.zeroDeg.bin, 1409, 1434
frame_234.zeroDeg.bin, 1446, 2796
frame_235.zeroDeg.bin, 17, 21
frame_235.zeroDeg.bin, 23, 1354
frame_235.zeroDeg.bin, 1356, 1408
frame_235.zeroDeg.bin, 1410, 1435
frame_235.zeroDeg.bin, 1447, 2797
frame_236.zeroDeg.bin, 17, 20
frame_236.zeroDeg.bin, 22, 1353
frame_236.zeroDeg.bin, 1355, 1407
frame_236.zeroDeg.bin, 1409, 1434
frame_236.zeroDeg.bin, 1446, 2796
frame_237.zeroDeg.bin, 16, 20
frame_237.zeroDeg.bin, 22, 1353
frame_237.zeroDeg.bin, 1355, 1407
frame_237.zeroDeg.bin, 1409, 1434
frame_237.zeroDeg.bin, 1446, 2796
frame_238.zeroDeg.bin, 15, 19
frame_238.zeroDeg.bin, 21, 1351
frame_238.zeroDeg.bin, 1353, 1405
frame_238.zeroDeg.bin, 1407, 1432
frame_238.zeroDeg.bin, 1445, 2794
frame_239.zeroDeg.bin, 16, 20
frame_239.zeroDeg.bin, 22, 1354
frame_239.zeroDeg.bin, 1356, 1408
frame_239.zeroDeg.bin, 1410, 1435
frame_239.zeroDeg.bin, 1447, 2797
frame_240.zeroDeg.bin, 16, 20
frame_240.zeroDeg.bin, 22, 1354
frame_240.zeroDeg.bin, 1356, 1408
frame_240.zeroDeg.bin, 1410, 1435
frame_240.zeroDeg.bin, 1447, 2797
frame_241.zeroDeg.bin, 15, 19
frame_241.zeroDeg.bin, 21, 1353
frame_241.zeroDeg.bin, 1355, 1407
frame_241.zeroDeg.bin, 1409, 1434
frame_241.zeroDeg.bin, 1446, 2796
frame_242.zeroDeg.bin, 17, 21
frame_242.zeroDeg.bin, 23, 1355
frame_242.zeroDeg.bin, 1357, 1409
frame_242.zeroDeg.bin, 1411, 1436
frame_242.zeroDeg.bin, 1448, 2798
frame_242.zeroDeg.bin, 2800, 2803
frame_243.zeroDeg.bin, 16, 20
frame_243.zeroDeg.bin, 22, 1354
frame_243.zeroDeg.bin, 1356, 1408
frame_243.zeroDeg.bin, 1410, 1435
frame_243.zeroDeg.bin, 1447, 2796
frame_244.zeroDeg.bin, 16, 20
frame_244.zeroDeg.bin, 22, 1354
frame_244.zeroDeg.bin, 1356, 1408
frame_244.zeroDeg.bin, 1410, 1435
frame_244.zeroDeg.bin, 1447, 2796
frame_245.zeroDeg.bin, 15, 19
frame_245.zeroDeg.bin, 21, 1353
frame_245.zeroDeg.bin, 1355, 1407
frame_245.zeroDeg.bin, 1409, 1434
frame_245.zeroDeg.bin, 1446, 2796
frame_246.zeroDeg.bin, 16, 20
frame_246.zeroDeg.bin, 22, 1354
frame_246.zeroDeg.bin, 1356, 1408
frame_246.zeroDeg.bin, 1410, 1435
frame_246.zeroDeg.bin, 1448, 2797
frame_247.zeroDeg.bin, 16, 20
frame_247.zeroDeg.bin, 22, 1354
frame_247.zeroDeg.bin, 1356, 1408
frame_247.zeroDeg.bin, 1410, 1435
frame_247.zeroDeg.bin, 1447, 2797
frame_248.zeroDeg.bin, 16, 20
frame_248.zeroDeg.bin, 22, 1354
frame_248.zeroDeg.bin, 1356, 1408
frame_248.zeroDeg.bin, 1410, 1435
frame_248.zeroDeg.bin, 1447, 2797
frame_249.zeroDeg.bin, 17, 21
frame_249.zeroDeg.bin, 23, 1354
frame_249.zeroDeg.bin, 1356, 1408
frame_249.zeroDeg.bin, 1410, 1435
frame_249.zeroDeg.bin, 1447, 2797
frame_250.zeroDeg.bin, 16, 20
frame_250.zeroDeg.bin, 22, 1354
frame_250.zeroDeg.bin, 1356, 1408
frame_250.zeroDeg.bin, 1410, 1435
frame_250.zeroDeg.bin, 1447, 2797
frame_251.zeroDeg.bin, 17, 21
frame_251.zeroDeg.bin, 23, 1354
frame_251.zeroDeg.bin, 1356, 1408
frame_251.zeroDeg.bin, 1410, 1435
frame_251.zeroDeg.bin, 1447, 2797
frame_252.zeroDeg.bin, 17, 21
frame_252.zeroDeg.bin, 23, 1353
frame_252.zeroDeg.bin, 1355, 1407
frame_252.zeroDeg.bin, 1409, 1434
frame_252.zeroDeg.bin, 1446, 2797
frame_253.zeroDeg.bin, 16, 20
frame_253.zeroDeg.bin, 22, 1353
frame_253.zeroDeg.bin, 1355, 1407
frame_253.zeroDeg.bin, 1409, 1434
frame_253.zeroDeg.bin, 1446, 2795
frame_254.zeroDeg.bin, 17, 21
frame_254.zeroDeg.bin, 23, 1355
frame_254.zeroDeg.bin, 1357, 1409
frame_254.zeroDeg.bin, 1411, 1436
frame_254.zeroDeg.bin, 1448, 2798
frame_255.zeroDeg.bin, 16, 20
frame_255.zeroDeg.bin, 22, 1353
frame_255.zeroDeg.bin, 1355, 1407
frame_255.zeroDeg.bin, 1409, 1434
frame_255.zeroDeg.bin, 1446, 2796
frame_256.zeroDeg.bin, 16, 20
frame_256.zeroDeg.bin, 22, 1354
frame_256.zeroDeg.bin, 1356, 1408
frame_256.zeroDeg.bin, 1410, 1435
frame_256.zeroDeg.bin, 1447, 2797
frame_257.zeroDeg.bin, 16, 20
frame_257.zeroDeg.bin, 22, 1353
frame_257.zeroDeg.bin, 1355, 1407
frame_257.zeroDeg.bin, 1409, 1434
frame_257.zeroDeg.bin, 1447, 2796
frame_258.zeroDeg.bin, 16, 20
frame_258.zeroDeg.bin, 22, 1354
frame_258.zeroDeg.bin, 1356, 1408
frame_258.zeroDeg.bin, 1410, 1434
frame_258.zeroDeg.bin, 1447, 2797
frame_258.zeroDeg.bin, 2799, 2802
frame_259.zeroDeg.bin, 17, 21
frame_259.zeroDeg.bin, 23, 1355
frame_259.zeroDeg.bin, 1357, 1409
frame_259.zeroDeg.bin, 1411, 1436
frame_259.zeroDeg.bin, 1448, 2798
frame_260.zeroDeg.bin, 18, 1356
frame_260.zeroDeg.bin, 1358, 1410
frame_260.zeroDeg.bin, 1412, 1437
frame_260.zeroDeg.bin, 1449, 2799
frame_261.zeroDeg.bin, 18, 22
frame_261.zeroDeg.bin, 24, 1354
frame_261.zeroDeg.bin, 1356, 1408
frame_261.zeroDeg.bin, 1410, 1435
frame_261.zeroDeg.bin, 1447, 2796
frame_262.zeroDeg.bin, 17, 21
frame_262.zeroDeg.bin, 23, 1354
frame_262.zeroDeg.bin, 1356, 1408
frame_262.zeroDeg.bin, 1410, 1435
frame_262.zeroDeg.bin, 1447, 2797
frame_263.zeroDeg.bin, 16, 20
frame_263.zeroDeg.bin, 22, 1354
frame_263.zeroDeg.bin, 1356, 1408
frame_263.zeroDeg.bin, 1410, 1435
frame_263.zeroDeg.bin, 1447, 2797
frame_264.zeroDeg.bin, 17, 21
frame_264.zeroDeg.bin, 23, 1355
frame_264.zeroDeg.bin, 1357, 1409
frame_264.zeroDeg.bin, 1411, 1436
frame_264.zeroDeg.bin, 1449, 2798
frame_265.zeroDeg.bin, 17, 21
frame_265.zeroDeg.bin, 23, 1355
frame_265.zeroDeg.bin, 1357, 1409
frame_265.zeroDeg.bin, 1411, 1436
frame_265.zeroDeg.bin, 1448, 2798
frame_266.zeroDeg.bin, 16, 1353
frame_266.zeroDeg.bin, 1355, 1407
frame_266.zeroDeg.bin, 1409, 1434
frame_266.zeroDeg.bin, 1448, 2796
frame_267.zeroDeg.bin, 16, 20
frame_267.zeroDeg.bin, 22, 1353
frame_267.zeroDeg.bin, 1355, 1407
frame_267.zeroDeg.bin, 1409, 1434
frame_267.zeroDeg.bin, 1446, 2796
frame_267.zeroDeg.bin, 2798, 2801
frame_268.zeroDeg.bin, 16, 20
frame_268.zeroDeg.bin, 22, 1353
frame_268.zeroDeg.bin, 1355, 1407
frame_268.zeroDeg.bin, 1409, 1434
frame_268.zeroDeg.bin, 1446, 2796
frame_269.zeroDeg.bin, 17, 21
frame_269.zeroDeg.bin, 23, 1355
frame_269.zeroDeg.bin, 1357, 1409
frame_269.zeroDeg.bin, 1411, 1436
frame_269.zeroDeg.bin, 1448, 2798
frame_270.zeroDeg.bin, 22, 1351
frame_270.zeroDeg.bin, 1353, 1405
frame_270.zeroDeg.bin, 1407, 1432
frame_270.zeroDeg.bin, 1444, 2794
frame_271.zeroDeg.bin, 15, 19
frame_271.zeroDeg.bin, 21, 1353
frame_271.zeroDeg.bin, 1355, 1407
frame_271.zeroDeg.bin, 1409, 1434
frame_271.zeroDeg.bin, 1446, 2796
frame_272.zeroDeg.bin, 17, 21
frame_272.zeroDeg.bin, 23, 1355
frame_272.zeroDeg.bin, 1357, 1409
frame_272.zeroDeg.bin, 1411, 1436
frame_272.zeroDeg.bin, 1448, 2798
frame_273.zeroDeg.bin, 17, 21
frame_273.zeroDeg.bin, 23, 1354
frame_273.zeroDeg.bin, 1356, 1408
frame_273.zeroDeg.bin, 1410, 1435
frame_273.zeroDeg.bin, 1447, 2797
frame_274.zeroDeg.bin, 18, 22
frame_274.zeroDeg.bin, 24, 1355
frame_274.zeroDeg.bin, 1357, 1409
frame_274.zeroDeg.bin, 1411, 1436
frame_274.zeroDeg.bin, 1448, 2798
frame_275.zeroDeg.bin, 16, 20
frame_275.zeroDeg.bin, 22, 1354
frame_275.zeroDeg.bin, 1356, 1408
frame_275.zeroDeg.bin, 1410, 1435
frame_275.zeroDeg.bin, 1447, 2797
frame_276.zeroDeg.bin, 16, 20
frame_276.zeroDeg.bin, 22, 1355
frame_276.zeroDeg.bin, 1357, 1409
frame_276.zeroDeg.bin, 1411, 1436
frame_276.zeroDeg.bin, 1448, 2798
frame_277.zeroDeg.bin, 16, 20
frame_277.zeroDeg.bin, 22, 1354
frame_277.zeroDeg.bin, 1356, 1408
frame_277.zeroDeg.bin, 1410, 1435
frame_277.zeroDeg.bin, 1447, 2797
frame_278.zeroDeg.bin, 16, 20
frame_278.zeroDeg.bin, 22, 1353
frame_278.zeroDeg.bin, 1355, 1407
frame_278.zeroDeg.bin, 1409, 1434
frame_278.zeroDeg.bin, 1446, 2796
frame_279.zeroDeg.bin, 17, 21
frame_279.zeroDeg.bin, 23, 1354
frame_279.zeroDeg.bin, 1356, 1408
frame_279.zeroDeg.bin, 1410, 1435
frame_279.zeroDeg.bin, 1447, 2797
frame_280.zeroDeg.bin, 18, 1356
frame_280.zeroDeg.bin, 1358, 1410
frame_280.zeroDeg.bin, 1412, 1437
frame_280.zeroDeg.bin, 1450, 2799
frame_281.zeroDeg.bin, 17, 21
frame_281.zeroDeg.bin, 23, 1354
frame_281.zeroDeg.bin, 1356, 1408
frame_281.zeroDeg.bin, 1410, 1435
frame_281.zeroDeg.bin, 1447, 2797
frame_282.zeroDeg.bin, 17, 21
frame_282.zeroDeg.bin, 23, 1354
frame_282.zeroDeg.bin, 1356, 1408
frame_282.zeroDeg.bin, 1410, 1435
frame_282.zeroDeg.bin, 1447, 2797
frame_283.zeroDeg.bin, 17, 21
frame_283.zeroDeg.bin, 23, 1355
frame_283.zeroDeg.bin, 1357, 1409
frame_283.zeroDeg.bin, 1411, 1436
frame_283.zeroDeg.bin, 1448, 2797
frame_284.zeroDeg.bin, 17, 21
frame_284.zeroDeg.bin, 23, 1355
frame_284.zeroDeg.bin, 1357, 1409
frame_284.zeroDeg.bin, 1411, 1436
frame_284.zeroDeg.bin, 1448, 2798
frame_285.zeroDeg.bin, 17, 21
frame_285.zeroDeg.bin, 23, 1355
frame_285.zeroDeg.bin, 1357, 1409
frame_285.zeroDeg.bin, 1411, 1436
frame_285.zeroDeg.bin, 1448, 2798
